INSERT INTO product_list (product_name, product_type, product_cod, country, supplier_id, unit, amount, price)
VALUES ('Samsung TV7000U', '1', 'TV771', 'South Korea', '1', 'шт', '10', '30000.00'),
        ('Apple iPhone 13', '1', 'PH313', 'USA', '2', 'шт', '80', '50000.00'),
        ('BEKO Spin3000', '1', 'W541', 'Turkish', '3', 'шт', '43', '25000.00'),
        ('Midea Dhome20', '1', 'MW543', 'Chine', '4', 'шт', '102', '6000.00'),
        ('Gorenie S10', '1', 'G344', 'Russia', '5', 'шт', '32', '18000.00'),

        ('Томат', '2', 'Т66234', 'Ethiopia', '6', 'кг', '132', '180.00'),
        ('Банан', '2', 'Б90823', 'Abkhazia', '7', 'кг', '42', '120.00'),
        ('Веселый молочник', '2', 'M72377', 'Belarus', '8', 'бут', '31', '90.00'),
        ('Alpen Gold', '2', 'Ш82734', 'Switzerland', '9', 'шт', '65', '80.00'),
        ('Мяфли', '2', 'В92384', 'Russia', '10', 'шт', '42', '110.00'),

        ('Болты', '3', 'Б23401', 'Germany', '11', 'упак', '42', '60.00'),
        ('Саморезы', '3', 'С3201', 'Italy', '12', 'упак', '32', '70.00'),
        ('Доска 30х20х200', '3', 'Д3422', 'Russia', '13', 'шт', '52', '130.00'),
        ('Краска Белая', '3', 'КБ234', 'Japan', '14', 'шт', '101', '600.00'),
        ('Шланг', '3', 'Ш3242', 'Belarus', '15', 'м', '321', '300.00'),

        ('Брюки', '4', 'Б2348', 'USA', '16', 'шт', '31', '3000.00'),
        ('Худи', '4', 'Х3242', 'China', '17', 'шт', '52', '2900.00'),
        ('Носки', '4', 'Н6237', 'India', '18', 'шт', '244', '300.00'),
        ('Шапка', '4', 'Ш3247', 'Spain', '19', 'шт', '123', '1000.00'),
        ('Лифак Кружевной', '4', 'Л1912', 'Russia', '20', 'шт', '42', '800.00'),

        ('Кольцо', '5', 'К2344', 'Itali', '21', 'шт', '31', '40000.00'),
        ('Серьги', '5', 'С34523', 'Spain', '22', 'шт', '52', '70000.00'),
        ('Ожерелье', '5', 'О4124', 'France', '23', 'шт', '244', '120000.00'),
        ('Брошь', '5', 'Б3249', 'GB', '24', 'шт', '123', '60000.00'),
        ('Браслет', '5', 'Б9324', 'Poland', '25', 'шт', '42', '80000.00');


INSERT INTO product_type (product_id, product_type)
VALUES ('1', 'Техника'),
        ('2', 'Продукты'),
        ('3', 'Стройматериалы'),
        ('4', 'Одежда'),
        ('5', 'Ювелирные украшения');

INSERT INTO supplier (product_id, supplier_name, city, phone_number)
VALUES ('1','ТехникО', 'Москва', '+34432141'),
        ('2','Серый Подряд', 'Ярославль', '+234532523'),
        ('3','Онлайн Маг', 'Торжок', '+4238231'),
        ('4','Гвидео', 'Волгоград', '+43322323'),
        ('5','Мильдронадо', 'Рязань', '+32434222'),

        ('6','Овощая база 42', 'Смоленск', '+324432342'),
        ('7','Зарубежный друг', 'Тула', '+4434534'),
        ('8','Рога и копыта', 'Кострома', '+5646545'),
        ('9','Фабрика Чарли', 'Иваново', '+86855674'),
        ('10','Мягкий вафл', 'Владимир', '+54363466'),

        ('11','Дядя Ваня', 'Красноярск', '+23623644'),
        ('12','Молот КО', 'Тверь', '+856868856'),
        ('13','Сад на Дыбенко', 'Сочи', '+248984322'),
        ('14','Рязань Голд', 'Липецк', '+93248234'),
        ('15','Смоленская резина', 'Тамбов', '+923443828'),

        ('16','Модный перец', 'Норильск', '+92348823'),
        ('17','Длинный капюшон', 'Казань', '+23182138'),
        ('18','Валенки и тапки', 'Йошкар-Ола', '+78247812'),
        ('19','Снежная королева', 'СпБ', '+82347712'),
        ('20','Белорусский трикотаж', 'Минск', '+892478417'),

        ('21','Пандора', 'Хабаровск', '+782727821'),
        ('22','Санлайт', 'Севастополь', '+82378218'),
        ('23','Русское золото', 'Ялта', '+72782178'),
        ('24','ЭПЛ', 'Воронеж', '+82178231'),
        ('25','Сибирь янтарь', 'Курск', '+782782137');